model,accuracy,precision,recall,f1,train_runtime,num_parameters
bert-base-cased,0.847,0.8265107212475633,0.8688524590163934,0.8471528471528472,262.4507,108311810
albert-base-v2,0.869,0.9364303178484108,0.7848360655737705,0.8539576365663323,224.259,11685122
roberta-base,0.875,0.9618320610687023,0.7745901639344263,0.8581157775255391,221.6119,124647170
distilbert-base-uncased,0.842,0.914572864321608,0.7459016393442623,0.8216704288939052,113.6502,66955010
